supplier_name,quarter,po_count,on_time_pct,change_vs_prior_qtr,change_vs_first_qtr
Baltic Metalworks,2025-Q3,78,93.6,,0.0
Baltic Metalworks,2025-Q4,69,92.8,-0.8,-0.8
Baltic Metalworks,2026-Q1,68,88.2,-4.5,-5.4
Baltic Metalworks,2026-Q2,77,96.1,7.9,2.5
Delta Plastics,2025-Q3,70,72.9,,0.0
Delta Plastics,2025-Q4,98,71.4,-1.4,-1.4
Delta Plastics,2026-Q1,79,73.4,2.0,0.6
Delta Plastics,2026-Q2,76,76.3,2.9,3.5
Granite Logistics Supply,2025-Q3,64,84.4,,0.0
Granite Logistics Supply,2025-Q4,80,91.3,6.9,6.9
Granite Logistics Supply,2026-Q1,72,86.1,-5.1,1.7
Granite Logistics Supply,2026-Q2,65,84.6,-1.5,0.2
Helix Polymers,2025-Q3,62,91.9,,0.0
Helix Polymers,2025-Q4,70,88.6,-3.4,-3.4
Helix Polymers,2026-Q1,64,96.9,8.3,4.9
Helix Polymers,2026-Q2,82,93.9,-3.0,2.0
Lotus Cable Works,2025-Q3,78,76.9,,0.0
Lotus Cable Works,2025-Q4,74,63.5,-13.4,-13.4
Lotus Cable Works,2026-Q1,83,73.5,10.0,-3.4
Lotus Cable Works,2026-Q2,72,76.4,2.9,-0.5
Monsoon Electricals,2025-Q3,76,90.8,,0.0
Monsoon Electricals,2025-Q4,79,86.1,-4.7,-4.7
Monsoon Electricals,2026-Q1,74,75.7,-10.4,-15.1
Monsoon Electricals,2026-Q2,75,54.7,-21.0,-36.1
Northwind Components,2025-Q3,79,97.5,,0.0
Northwind Components,2025-Q4,86,97.7,0.2,0.2
Northwind Components,2026-Q1,70,95.7,-2.0,-1.8
Northwind Components,2026-Q2,80,96.3,0.5,-1.2
Orion Fasteners,2025-Q3,65,89.2,,0.0
Orion Fasteners,2025-Q4,61,91.8,2.6,2.6
Orion Fasteners,2026-Q1,64,90.6,-1.2,1.4
Orion Fasteners,2026-Q2,80,88.8,-1.9,-0.5
Pacific Circuit Co,2025-Q3,91,92.3,,0.0
Pacific Circuit Co,2025-Q4,79,93.7,1.4,1.4
Pacific Circuit Co,2026-Q1,79,88.6,-5.1,-3.7
Pacific Circuit Co,2026-Q2,82,92.7,4.1,0.4
Sierra Packaging,2025-Q3,72,97.2,,0.0
Sierra Packaging,2025-Q4,85,96.5,-0.8,-0.8
Sierra Packaging,2026-Q1,82,90.2,-6.2,-7.0
Sierra Packaging,2026-Q2,60,98.3,8.1,1.1
